Date;Close
02/01/2014;1
03/01/2014;1,012713295
06/01/2014;1,012574244
07/01/2014;1,001767943
08/01/2014;1,004688028
09/01/2014;0,97975805
10/01/2014;0,987187382
13/01/2014;0,981843825
14/01/2014;0,987326434
15/01/2014;0,995311972
16/01/2014;0,987187382
17/01/2014;0,976977017
20/01/2014;0,967561232
21/01/2014;0,964263721
22/01/2014;0,979321031
23/01/2014;0,959873662
24/01/2014;0,949266006
27/01/2014;0,947557657
28/01/2014;0,95033869
29/01/2014;0,944697165
30/01/2014;0,938479569
31/01/2014;0,946326056
03/02/2014;0,916708051
04/02/2014;0,932917503
05/02/2014;0,926163564
06/02/2014;0,948292644
07/02/2014;0,954967124
10/02/2014;0,947756302
11/02/2014;0,962694424
12/02/2014;0,957807751
13/02/2014;0,949782483
14/02/2014;0,957489919
17/02/2014;0,945074591
18/02/2014;0,925686816
19/02/2014;0,936632169
20/02/2014;0,939373473
21/02/2014;0,941181145
24/02/2014;0,941439383
25/02/2014;0,927991101
26/02/2014;0,925666951
27/02/2014;0,945690392
28/02/2014;0,935499891
05/03/2014;0,925468306
06/03/2014;0,935480026
07/03/2014;0,918615045
10/03/2014;0,904491369
11/03/2014;0,907769015
12/03/2014;0,911026797
13/03/2014;0,902723426
14/03/2014;0,893228184
17/03/2014;0,896247591
18/03/2014;0,91674778
19/03/2014;0,925031287
20/03/2014;0,939154963
21/03/2014;0,941201009
24/03/2014;0,953358098
25/03/2014;0,957072764
26/03/2014;0,952821756
27/03/2014;0,98621402
28/03/2014;0,988617628
31/03/2014;1,001469975
01/04/2014;0,998589619
02/04/2014;1,027015753
03/04/2014;1,021195447
04/04/2014;1,014719612
07/04/2014;1,036034246
08/04/2014;1,025585507
09/04/2014;1,016765658
10/04/2014;1,015613516
11/04/2014;1,030313264
14/04/2014;1,024929978
15/04/2014;1,002244691
16/04/2014;1,017083491
17/04/2014;1,035180072
22/04/2014;1,032498361
23/04/2014;1,0244135
24/04/2014;1,029320037
25/04/2014;1,021016666
28/04/2014;1,020718698
29/04/2014;1,029757057
30/04/2014;1,025525913
02/05/2014;1,052422479
05/05/2014;1,061679347
06/05/2014;1,068314098
07/05/2014;1,073737113
08/05/2014;1,061202598
09/05/2014;1,054806222
12/05/2014;1,073737113
13/05/2014;1,070836892
14/05/2014;1,080888342
15/05/2014;1,069823802
16/05/2014;1,072207545
19/05/2014;1,059831946
20/05/2014;1,040225661
21/05/2014;1,036987744
22/05/2014;1,048966052
23/05/2014;1,045390437
26/05/2014;1,051468982
27/05/2014;1,036371943
28/05/2014;1,045668541
29/05/2014;1,037702866
30/05/2014;1,017838343
02/06/2014;1,025128623
03/06/2014;1,03359091
04/06/2014;1,02963787
05/06/2014;1,02419499
06/06/2014;1,055382293
09/06/2014;1,078107308
10/06/2014;1,084682466
11/06/2014;1,094574999
13/06/2014;1,088714964
16/06/2014;1,085198943
17/06/2014;1,07864365
18/06/2014;1,096581315
20/06/2014;1,085357859
23/06/2014;1,076855843
24/06/2014;1,078266224
25/06/2014;1,061282056
26/06/2014;1,062871218
27/06/2014;1,055938499
30/06/2014;1,056157009
01/07/2014;1,056216603
02/07/2014;1,05339584
03/07/2014;1,070201228
04/07/2014;1,073776842
07/07/2014;1,068751117
08/07/2014;1,065433742
10/07/2014;1,084463956
11/07/2014;1,088297809
14/07/2014;1,107328023
15/07/2014;1,111896863
16/07/2014;1,106791681
17/07/2014;1,105222383
18/07/2014;1,132536104
21/07/2014;1,144871973
22/07/2014;1,151804692
23/07/2014;1,140620965
24/07/2014;1,151705369
25/07/2014;1,148586639
28/07/2014;1,146103574
29/07/2014;1,134641743
30/07/2014;1,129854393
31/07/2014;1,109016507
01/08/2014;1,110486482
04/08/2014;1,124649888
05/08/2014;1,116425975
06/08/2014;1,122087364
07/08/2014;1,116147872
08/08/2014;1,103931189
11/08/2014;1,124590294
12/08/2014;1,121193461
13/08/2014;1,104090105
14/08/2014;1,108043146
15/08/2014;1,131562742
18/08/2014;1,143421863
19/08/2014;1,16106156
20/08/2014;1,169583441
21/08/2014;1,171847997
22/08/2014;1,16022725
25/08/2014;1,186607338
26/08/2014;1,188315687
27/08/2014;1,210762599
28/08/2014;1,197652013
29/08/2014;1,217456944
01/09/2014;1,214536859
02/09/2014;1,229534574
03/09/2014;1,228362567
04/09/2014;1,207763056
05/09/2014;1,205399178
08/09/2014;1,175840766
09/09/2014;1,165570807
10/09/2014;1,156095429
11/09/2014;1,158836733
12/09/2014;1,130847619
15/09/2014;1,151129298
16/09/2014;1,174291333
17/09/2014;1,174152281
18/09/2014;1,159571721
19/09/2014;1,147950974
22/09/2014;1,128662522
23/09/2014;1,123160048
24/09/2014;1,128781709
25/09/2014;1,111658489
26/09/2014;1,136489144
29/09/2014;1,085099621
30/09/2014;1,074988578
01/10/2014;1,049999007
02/10/2014;1,063129457
03/10/2014;1,083411136
06/10/2014;1,13458215
07/10/2014;1,140938797
08/10/2014;1,133430007
09/10/2014;1,137601557
10/10/2014;1,098746549
13/10/2014;1,151288214
14/10/2014;1,152440357
15/10/2014;1,115095052
16/10/2014;1,078603921
17/10/2014;1,106930732
20/10/2014;1,078703244
21/10/2014;1,04153672
22/10/2014;1,041119565
23/10/2014;1,007389603
24/10/2014;1,031783238
27/10/2014;1,003237917
28/10/2014;1,039510538
29/10/2014;1,014064083
30/10/2014;1,03964959
31/10/2014;1,085179079
03/11/2014;1,071631473
04/11/2014;1,08031227
05/11/2014;1,066685207
06/11/2014;1,045608947
07/11/2014;1,057249558
10/11/2014;1,047357025
11/11/2014;1,04237103
12/11/2014;1,052402614
13/11/2014;1,029896109
14/11/2014;1,028426134
17/11/2014;1,018195904
18/11/2014;1,034186846
19/11/2014;1,060825172
21/11/2014;1,114081961
24/11/2014;1,100633678
25/11/2014;1,103692815
26/11/2014;1,09449554
27/11/2014;1,087006615
28/11/2014;1,085874337
01/12/2014;1,038437854
02/12/2014;1,02524781
03/12/2014;1,039311893
04/12/2014;1,021572873
05/12/2014;1,032796329
08/12/2014;0,998669077
09/12/2014;0,99706005
10/12/2014;0,984247433
11/12/2014;0,990465029
12/12/2014;0,953536878
15/12/2014;0,934010051
16/12/2014;0,933791542
17/12/2014;0,96768042
18/12/2014;0,963349953
19/12/2014;0,986293478
22/12/2014;0,995629805
23/12/2014;1,010905624
26/12/2014;0,996106553
29/12/2014;1,005025725
30/12/2014;0,993365249
02/01/2015;0,963667786
05/01/2015;0,943902584
06/01/2015;0,953517014
07/01/2015;0,982558948
08/01/2015;0,992093919
09/01/2015;0,97018335
12/01/2015;0,956278183
13/01/2015;0,954331459
14/01/2015;0,946465108
15/01/2015;0,954013627
16/01/2015;0,97369937
19/01/2015;0,948689935
20/01/2015;0,951053813
21/01/2015;0,977811327
22/01/2015;0,982161657
23/01/2015;0,968892155
26/01/2015;0,96495898
27/01/2015;0,965237083
28/01/2015;0,94743847
29/01/2015;0,948769393
30/01/2015;0,931805089
02/02/2015;0,946564431
03/02/2015;0,972646551
04/02/2015;0,979340895
05/02/2015;0,978009972
06/02/2015;0,969229852
09/02/2015;0,980969786
10/02/2015;0,963628057
11/02/2015;0,958264635
12/02/2015;0,983949465
13/02/2015;1,005860035
18/02/2015;1,018652788
19/02/2015;1,018930891
20/02/2015;1,017818478
23/02/2015;1,018672653
24/02/2015;1,030452315
25/02/2015;1,02920085
26/02/2015;1,028207624
27/02/2015;1,024671739
02/03/2015;1,013507876
03/03/2015;1,019129537
04/03/2015;1,002522795
05/03/2015;1,000476749
06/03/2015;0,992848771
09/03/2015;0,976957152
10/03/2015;0,959317455
11/03/2015;0,971494408
12/03/2015;0,970977931
13/03/2015;0,965336406
16/03/2015;0,970342266
17/03/2015;0,998887587
18/03/2015;1,023539461
19/03/2015;1,012176953
20/03/2015;1,032299716
23/03/2015;1,031127709
24/03/2015;1,02314217
25/03/2015;1,030134483
26/03/2015;1,004747621
27/03/2015;0,995113327
30/03/2015;1,017917801
31/03/2015;1,0160704
01/04/2015;1,039351622
02/04/2015;1,055263106
06/04/2015;1,067459923
07/04/2015;1,067301007
08/04/2015;1,06595022
09/04/2015;1,068770982
10/04/2015;1,076935301
13/04/2015;1,077451779
14/04/2015;1,072326732
15/04/2015;1,090939791
16/04/2015;1,086072982
17/04/2015;1,07179039
20/04/2015;1,067936672
22/04/2015;1,084940704
23/04/2015;1,106156016
24/04/2015;1,124212868
27/04/2015;1,103176337
28/04/2015;1,108678811
29/04/2015;1,099004787
30/04/2015;1,116962317
04/05/2015;1,139309906
05/05/2015;1,153175344
06/05/2015;1,134323911
07/05/2015;1,130708568
08/05/2015;1,135237679
11/05/2015;1,136191176
12/05/2015;1,128146044
13/05/2015;1,119802944
14/05/2015;1,125464333
15/05/2015;1,137224131
18/05/2015;1,116465704
19/05/2015;1,102461215
20/05/2015;1,090582229
21/05/2015;1,094773644
22/05/2015;1,080173219
25/05/2015;1,084781788
26/05/2015;1,065334419
27/05/2015;1,077372321
28/05/2015;1,072207545
29/05/2015;1,048052283
01/06/2015;1,053435569
02/06/2015;1,077372321
03/06/2015;1,063208915
05/06/2015;1,052283427
08/06/2015;1,04904551
09/06/2015;1,049164697
10/06/2015;1,070221092
11/06/2015;1,066506426
12/06/2015;1,059732624
15/06/2015;1,055561073
16/06/2015;1,066764665
17/06/2015;1,057766036
18/06/2015;1,077431914
19/06/2015;1,067698298
22/06/2015;1,069982718
23/06/2015;1,068155182
24/06/2015;1,069565563
25/06/2015;1,056315925
26/06/2015;1,07302199
29/06/2015;1,053097873
30/06/2015;1,054428796
01/07/2015;1,048012554
02/07/2015;1,054925409
03/07/2015;1,043264933
06/07/2015;1,035915059
07/07/2015;1,039788641
08/07/2015;1,028624779
10/07/2015;1,044695179
13/07/2015;1,055183648
14/07/2015;1,05756739
15/07/2015;1,050873046
16/07/2015;1,054210286
17/07/2015;1,039748912
20/07/2015;1,025009436
21/07/2015;1,022506506
22/07/2015;1,011422101
23/07/2015;0,989392344
24/07/2015;0,978248346
27/07/2015;0,968117439
28/07/2015;0,985320117
29/07/2015;0,998093006
30/07/2015;0,991180151
31/07/2015;1,010409011
03/08/2015;0,995967502
04/08/2015;0,99437834
05/08/2015;0,998927316
06/08/2015;0,993444707
07/08/2015;0,96495898
10/08/2015;0,98037385
11/08/2015;0,974791919
12/08/2015;0,961204585
13/08/2015;0,953695795
14/08/2015;0,943723804
17/08/2015;0,937943227
18/08/2015;0,942591526
19/08/2015;0,925448442
20/08/2015;0,926660178
21/08/2015;0,908206035
24/08/2015;0,880713534
25/08/2015;0,884865219
26/08/2015;0,914522953
27/08/2015;0,94783576
28/08/2015;0,936691762
31/08/2015;0,926203294
01/09/2015;0,903378956
02/09/2015;0,922985241
03/09/2015;0,940903041
04/09/2015;0,923660634
08/09/2015;0,928904869
09/09/2015;0,926819094
10/09/2015;0,923779822
11/09/2015;0,921733776
14/09/2015;0,939234421
15/09/2015;0,940863312
16/09/2015;0,964482231
17/09/2015;0,964442502
18/09/2015;0,93887686
21/09/2015;0,925488171
22/09/2015;0,9190322
23/09/2015;0,900657516
24/09/2015;0,899704019
25/09/2015;0,890546473
28/09/2015;0,873184879
29/09/2015;0,876661171
30/09/2015;0,895075585
01/10/2015;0,900121174
02/10/2015;0,934288155
05/10/2015;0,945511611
06/10/2015;0,948233051
07/10/2015;0,971653324
08/10/2015;0,975487177
09/10/2015;0,980075882
13/10/2015;0,940843448
14/10/2015;0,927871914
15/10/2015;0,936830814
16/10/2015;0,938320653
19/10/2015;0,942512068
20/10/2015;0,935162194
21/10/2015;0,934149103
22/10/2015;0,948968038
23/10/2015;0,945491746
26/10/2015;0,937784311
27/10/2015;0,9344868
28/10/2015;0,928487714
29/10/2015;0,906378499
30/10/2015;0,911165849
03/11/2015;0,954569834
04/11/2015;0,947736437
05/11/2015;0,954430782
06/11/2015;0,932023599
09/11/2015;0,917641684
10/11/2015;0,917323851
11/11/2015;0,93492382
12/11/2015;0,931328341
13/11/2015;0,92403806
16/11/2015;0,930593353
17/11/2015;0,938559027
18/11/2015;0,942293558
19/11/2015;0,956258318
23/11/2015;0,956476828
24/11/2015;0,959138674
25/11/2015;0,930990644
26/11/2015;0,936532846
27/11/2015;0,911245307
30/11/2015;0,89628732
01/12/2015;0,89483721
02/12/2015;0,892215093
03/12/2015;0,921574859
04/12/2015;0,901074671
07/12/2015;0,898333366
08/12/2015;0,882839038
09/12/2015;0,91591347
10/12/2015;0,906438092
11/12/2015;0,899127947
14/12/2015;0,888877853
15/12/2015;0,891360919
16/12/2015;0,89422141
17/12/2015;0,899088218
18/12/2015;0,872271111
21/12/2015;0,858147434
22/12/2015;0,863510856
23/12/2015;0,874337022
28/12/2015;0,869351026
29/12/2015;0,867165928
30/12/2015;0,861127113
04/01/2016;0,837110904
05/01/2016;0,842633241
06/01/2016;0,829800759
07/01/2016;0,808386802
08/01/2016;0,806738047
11/01/2016;0,793587732
12/01/2016;0,784926799
13/01/2016;0,773604021
14/01/2016;0,784648696
15/01/2016;0,766154824
18/01/2016;0,753600445
19/01/2016;0,755984188
20/01/2016;0,747800004
21/01/2016;0,74923025
22/01/2016;0,75546771
26/01/2016;0,744860054
27/01/2016;0,762320971
28/01/2016;0,76736656
29/01/2016;0,802645955
01/02/2016;0,805903737
02/02/2016;0,766691166
03/02/2016;0,786416639
04/02/2016;0,810909597
05/02/2016;0,806340756
10/02/2016;0,802069883
11/02/2016;0,781033353
12/02/2016;0,790766969
15/02/2016;0,796428359
16/02/2016;0,813412527
17/02/2016;0,826979996
18/02/2016;0,823940724
19/02/2016;0,825231918
22/02/2016;0,858842693
23/02/2016;0,844659423
24/02/2016;0,83599849
25/02/2016;0,832085179
26/02/2016;0,826225145
29/02/2016;0,850082438
01/03/2016;0,876462526
02/03/2016;0,891778074
03/03/2016;0,937466479
04/03/2016;0,975050158
07/03/2016;0,978248346
08/03/2016;0,975387855
09/03/2016;0,966707058
10/03/2016;0,984704317
11/03/2016;0,986055104
14/03/2016;0,970719692
15/03/2016;0,936215014
16/03/2016;0,948789257
17/03/2016;1,011382372
18/03/2016;1,009415784
21/03/2016;1,016507419
22/03/2016;1,013289367
23/03/2016;0,987068195
24/03/2016;0,986412666
28/03/2016;1,009872668
29/03/2016;1,016169722
30/03/2016;1,018036988
31/03/2016;0,994318746
01/04/2016;1,00439006
04/04/2016;0,968991478
05/04/2016;0,974434358
06/04/2016;0,955404144
07/04/2016;0,96368765
08/04/2016;0,999046503
11/04/2016;0,996503844
12/04/2016;1,032994974
13/04/2016;1,055799448
14/04/2016;1,041119565
15/04/2016;1,057348881
18/04/2016;1,05071413
19/04/2016;1,066923581
20/04/2016;1,065354284
22/04/2016;1,050992233
25/04/2016;1,030213941
26/04/2016;1,054468525
27/04/2016;1,082179536
28/04/2016;1,078882025
29/04/2016;1,07091635
02/05/2016;1,063983632
03/05/2016;1,038120021
04/05/2016;1,043940327
05/05/2016;1,026419817
06/05/2016;1,027353449
09/05/2016;1,012892076
10/05/2016;1,05423015
11/05/2016;1,048131742
12/05/2016;1,057607119
13/05/2016;1,029061799
16/05/2016;1,029041934
17/05/2016;1,009892533
18/05/2016;1,00439006
19/05/2016;0,995868179
20/05/2016;0,987723724
23/05/2016;0,979916966
24/05/2016;0,980214934
25/05/2016;0,982956238
27/05/2016;0,974374764
30/05/2016;0,972646551
31/05/2016;0,962873205
01/06/2016;0,973619912
02/06/2016;0,990981506
03/06/2016;1,005522338
06/06/2016;1,001807672
07/06/2016;1,002920085
08/06/2016;1,025585507
09/06/2016;1,015434735
10/06/2016;0,981744502
13/06/2016;0,986492124
14/06/2016;0,966369361
15/06/2016;0,971673189
16/06/2016;0,981545857
17/06/2016;0,983969329
20/06/2016;0,999761626
21/06/2016;1,009872668
22/06/2016;0,996325063
23/06/2016;1,024214855
24/06/2016;0,995311972
27/06/2016;0,978248346
28/06/2016;0,993365249
29/06/2016;1,01313045
30/06/2016;1,023559325
01/07/2016;1,037583679
04/07/2016;1,044258159
05/07/2016;1,02981665
06/07/2016;1,031008522
07/07/2016;1,033253213
08/07/2016;1,055620667
11/07/2016;1,071889712
12/07/2016;1,077769611
13/07/2016;1,084563278
14/07/2016;1,102103653
15/07/2016;1,104030512
18/07/2016;1,122027771
19/07/2016;1,126278779
20/07/2016;1,123895036
21/07/2016;1,125146501
22/07/2016;1,132317594
25/07/2016;1,12975507
26/07/2016;1,127967263
27/07/2016;1,12935778
28/07/2016;1,125662978
29/07/2016;1,138396138
01/08/2016;1,127430921
02/08/2016;1,115631394
03/08/2016;1,133807433
04/08/2016;1,144077392
05/08/2016;1,145408315
08/08/2016;1,144891838
09/08/2016;1,145964522
10/08/2016;1,130688703
11/08/2016;1,158101746
12/08/2016;1,158062017
15/08/2016;1,174907133
16/08/2016;1,169126557
17/08/2016;1,178443019
18/08/2016;1,175304424
19/08/2016;1,173973501
22/08/2016;1,147792058
23/08/2016;1,152539679
24/08/2016;1,146540593
25/08/2016;1,146620051
26/08/2016;1,146500864
29/08/2016;1,164259749
30/08/2016;1,16356449
31/08/2016;1,150175801
01/09/2016;1,156830417
02/09/2016;1,18424346
05/09/2016;1,183250233
06/09/2016;1,19443396
08/09/2016;1,196480006
09/09/2016;1,152142389
12/09/2016;1,163783
13/09/2016;1,128722115
14/09/2016;1,133449872
15/09/2016;1,150334717
16/09/2016;1,133867027
19/09/2016;1,139230448
20/09/2016;1,146898155
21/09/2016;1,159969011
22/09/2016;1,171887726
23/09/2016;1,165987962
26/09/2016;1,153215073
27/09/2016;1,159730637
28/09/2016;1,179078683
29/09/2016;1,159114837
30/09/2016;1,159432669
03/10/2016;1,181164458
04/10/2016;1,178740986
05/10/2016;1,196917026
06/10/2016;1,20466419
07/10/2016;1,213901194
10/10/2016;1,225005463
11/10/2016;1,21217298
13/10/2016;1,214099839
14/10/2016;1,226972051
17/10/2016;1,245426193
18/10/2016;1,266999066
19/10/2016;1,261516458
20/10/2016;1,26811148
21/10/2016;1,273474901
24/10/2016;1,272521404
25/10/2016;1,268667686
26/10/2016;1,267873105
27/10/2016;1,276295664
28/10/2016;1,277447806
31/10/2016;1,289704217
01/11/2016;1,257940843
03/11/2016;1,226634354
04/11/2016;1,223614946
07/11/2016;1,272362488
08/11/2016;1,274468127
09/11/2016;1,256590056
10/11/2016;1,21572873
11/11/2016;1,175661985
14/11/2016;1,185057905
16/11/2016;1,20694861
17/11/2016;1,187302596
18/11/2016;1,191116585
21/11/2016;1,213126477
22/11/2016;1,230686717
23/11/2016;1,231322381
24/11/2016;1,219602312
25/11/2016;1,22284023
28/11/2016;1,248584653
29/11/2016;1,211477722
30/11/2016;1,229733219
01/12/2016;1,182078226
02/12/2016;1,198148626
05/12/2016;1,188534197
06/12/2016;1,213484039
07/12/2016;1,219959874
08/12/2016;1,20531972
09/12/2016;1,201823563
12/12/2016;1,175562663
13/12/2016;1,177588844
14/12/2016;1,156353668
15/12/2016;1,16000874
16/12/2016;1,159869689
19/12/2016;1,134482827
20/12/2016;1,143858882
21/12/2016;1,145130212
22/12/2016;1,137343319
23/12/2016;1,150890924
26/12/2016;1,164458394
27/12/2016;1,165987962
28/12/2016;1,187540971
29/12/2016;1,196380684
02/01/2017;1,183707117
03/01/2017;1,227905683
04/01/2017;1,223436165
05/01/2017;1,233010866
06/01/2017;1,224945869
09/01/2017;1,225641128
10/01/2017;1,234222602
11/01/2017;1,240460062
12/01/2017;1,270415764
13/01/2017;1,264416678
16/01/2017;1,267972428
17/01/2017;1,278361574
18/01/2017;1,274309211
19/01/2017;1,270356171
20/01/2017;1,28167895
23/01/2017;1,306072585
24/01/2017;1,307880257
26/01/2017;1,314852705
27/01/2017;1,311733974
30/01/2017;1,277328619
31/01/2017;1,284658628
01/02/2017;1,287936275
02/02/2017;1,282811227
03/02/2017;1,290280288
06/02/2017;1,271190481
07/02/2017;1,275282573
08/02/2017;1,28791641
09/02/2017;1,290498798
10/02/2017;1,313541646
13/02/2017;1,33028744
14/02/2017;1,325221986
15/02/2017;1,35031088
16/02/2017;1,347092827
17/02/2017;1,345781768
20/02/2017;1,36137542
21/02/2017;1,371685108
22/02/2017;1,362507698
23/02/2017;1,34008065
24/02/2017;1,324208895
01/03/2017;1,330704595
02/03/2017;1,308178225
03/03/2017;1,326672096
06/03/2017;1,317832383
07/03/2017;1,305933533
08/03/2017;1,285592261
09/03/2017;1,282950279
10/03/2017;1,284738086
13/03/2017;1,301801712
14/03/2017;1,285214835
15/03/2017;1,315726744
16/03/2017;1,306747979
17/03/2017;1,275501083
20/03/2017;1,288889772
21/03/2017;1,251067718
22/03/2017;1,261814426
23/03/2017;1,262013071
24/03/2017;1,268429312
27/03/2017;1,277447806
28/03/2017;1,284042828
29/03/2017;1,301682525
30/03/2017;1,29647802
31/03/2017;1,290876224
03/04/2017;1,295385471
04/04/2017;1,306469875
05/04/2017;1,286724539
06/04/2017;1,275759321
07/04/2017;1,283109195
10/04/2017;1,284241473
11/04/2017;1,278480761
12/04/2017;1,269184164
13/04/2017;1,248008581
17/04/2017;1,277984148
18/04/2017;1,274487992
19/04/2017;1,25954987
20/04/2017;1,266581911
24/04/2017;1,279056832
25/04/2017;1,294134006
26/04/2017;1,288452752
27/04/2017;1,284777815
28/04/2017;1,29919946
02/05/2017;1,325400767
03/05/2017;1,312925846
04/05/2017;1,288472617
05/05/2017;1,305297869
08/05/2017;1,301642796
09/05/2017;1,316580918
10/05/2017;1,337875688
11/05/2017;1,341610218
12/05/2017;1,355197553
15/05/2017;1,360203413
16/05/2017;1,364374963
17/05/2017;1,341649947
18/05/2017;1,223595082
19/05/2017;1,244293915
22/05/2017;1,225104785
23/05/2017;1,2447508
24/05/2017;1,256570191
25/05/2017;1,255974256
26/05/2017;1,273018017
29/05/2017;1,266581911
30/05/2017;1,270574681
31/05/2017;1,245724161
01/06/2017;1,237341332
02/06/2017;1,241751256
05/06/2017;1,24053952
06/06/2017;1,250571105
07/06/2017;1,254861842
08/06/2017;1,246618065
09/06/2017;1,235791899
12/06/2017;1,225641128
13/06/2017;1,228203651
14/06/2017;1,230070916
16/06/2017;1,224171153
19/06/2017;1,231878588
20/06/2017;1,207087662
21/06/2017;1,207008204
22/06/2017;1,217139111
23/06/2017;1,213464174
26/06/2017;1,235335015
27/06/2017;1,225144514
28/06/2017;1,231958046
29/06/2017;1,236348106
30/06/2017;1,249478556
03/07/2017;1,257027075
04/07/2017;1,256073578
05/07/2017;1,254524145
06/07/2017;1,240936811
07/07/2017;1,237996861
10/07/2017;1,251961622
11/07/2017;1,267992293
12/07/2017;1,287936275
13/07/2017;1,294729942
14/07/2017;1,299854989
17/07/2017;1,295405336
18/07/2017;1,297908266
19/07/2017;1,294769671
20/07/2017;1,289962456
21/07/2017;1,284916867
24/07/2017;1,293180509
25/07/2017;1,304463559
26/07/2017;1,291412566
27/07/2017;1,29669653
28/07/2017;1,301066725
31/07/2017;1,309469419
01/08/2017;1,321308675
02/08/2017;1,33362468
03/08/2017;1,326493316
04/08/2017;1,328896923
07/08/2017;1,349595757
08/08/2017;1,348781311
09/08/2017;1,3442522
10/08/2017;1,330764188
11/08/2017;1,338054469
14/08/2017;1,356449018
15/08/2017;1,357839534
16/08/2017;1,362587156
17/08/2017;1,350330744
18/08/2017;1,364990763
21/08/2017;1,363401601
22/08/2017;1,390735186
23/08/2017;1,400011919
24/08/2017;1,413023182
25/08/2017;1,411851175
28/08/2017;1,410718897
29/08/2017;1,416936493
30/08/2017;1,408116644
31/08/2017;1,407103554
01/09/2017;1,428716156
04/09/2017;1,432808248
05/09/2017;1,433245267
06/09/2017;1,458294432
08/09/2017;1,451679545
11/09/2017;1,476311555
12/09/2017;1,48068175
13/09/2017;1,485628017
14/09/2017;1,483025764
15/09/2017;1,504876741
18/09/2017;1,509505175
19/09/2017;1,509187342
20/09/2017;1,509783278
21/09/2017;1,501837468
22/09/2017;1,49758646
25/09/2017;1,478774756
26/09/2017;1,476311555
27/09/2017;1,465942274
28/09/2017;1,461373433
29/09/2017;1,475814942
02/10/2017;1,477126001
03/10/2017;1,524860452
04/10/2017;1,521443754
05/10/2017;1,521980096
06/10/2017;1,510796369
09/10/2017;1,504280805
10/10/2017;1,527522298
11/10/2017;1,522814406
13/10/2017;1,529369699
16/10/2017;1,527422975
17/10/2017;1,513696589
18/10/2017;1,521443754
19/10/2017;1,51532548
20/10/2017;1,517470849
23/10/2017;1,498043344
24/10/2017;1,516656403
25/10/2017;1,523032916
26/10/2017;1,507637909
27/10/2017;1,509227071
30/10/2017;1,485866391
31/10/2017;1,476093045
01/11/2017;1,466478616
03/11/2017;1,468286288
06/11/2017;1,476152639
07/11/2017;1,438489502
08/11/2017;1,477185594
09/11/2017;1,448739596
10/11/2017;1,433543235
13/11/2017;1,439681373
14/11/2017;1,406944638
16/11/2017;1,44041636
17/11/2017;1,458791045
21/11/2017;1,481794164
22/11/2017;1,48028446
23/11/2017;1,479648795
24/11/2017;1,473093502
27/11/2017;1,471146779
28/11/2017;1,472755805
29/11/2017;1,444150891
30/11/2017;1,429669653
01/12/2017;1,435489958
04/12/2017;1,451898055
05/12/2017;1,441091754
06/12/2017;1,455433941
07/12/2017;1,439919747
08/12/2017;1,444786556
11/12/2017;1,446137343
12/12/2017;1,466279971
13/12/2017;1,448401899
14/12/2017;1,438767605
15/12/2017;1,442323355
18/12/2017;1,452394668
19/12/2017;1,4437536
20/12/2017;1,457400528
21/12/2017;1,492481278
22/12/2017;1,493553962
26/12/2017;1,503506088
27/12/2017;1,51115393
28/12/2017;1,517689359
29/12/2017;1,517689359
02/01/2018;1,547267635
03/01/2018;1,549333545
04/01/2018;1,562285215
05/01/2018;1,570707773
08/01/2018;1,576826046
09/01/2018;1,566595817
10/01/2018;1,553425637
11/01/2018;1,576547943
12/01/2018;1,576230111
15/01/2018;1,584235514
16/01/2018;1,585824676
17/01/2018;1,612780835
18/01/2018;1,608291452
19/01/2018;1,613396635
22/01/2018;1,622434993
23/01/2018;1,602630063
24/01/2018;1,662263364
26/01/2018;1,699032598
29/01/2018;1,682485449
30/01/2018;1,678194712
31/01/2018;1,686756322
01/02/2018;1,698317475
02/02/2018;1,669434457
05/02/2018;1,626129795
06/02/2018;1,666514372
07/02/2018;1,644127053
08/02/2018;1,619614231
09/02/2018;1,607020123
14/02/2018;1,659541924
15/02/2018;1,674400588
16/02/2018;1,679048887
19/02/2018;1,684372579
20/02/2018;1,704455613
21/02/2018;1,709382015
22/02/2018;1,721976123
23/02/2018;1,734033889
26/02/2018;1,741185117
27/02/2018;1,726922389
28/02/2018;1,698039371
01/03/2018;1,695993326
02/03/2018;1,703601438
05/03/2018;1,708805943
06/03/2018;1,70145607
07/03/2018;1,698098965
08/03/2018;1,688186568
09/03/2018;1,715718798
12/03/2018;1,726227131
13/03/2018;1,715977037
14/03/2018;1,70936215
15/03/2018;1,68705429
16/03/2018;1,68621998
19/03/2018;1,666891798
20/03/2018;1,671877793
21/03/2018;1,688027651
22/03/2018;1,683875966
23/03/2018;1,676108937
26/03/2018;1,690232614
27/03/2018;1,664806023
28/03/2018;1,666117082
29/03/2018;1,695754951
02/04/2018;1,681849784
03/04/2018;1,68099561
04/04/2018;1,67577124
05/04/2018;1,692656085
06/04/2018;1,684908921
09/04/2018;1,654853896
10/04/2018;1,678750919
11/04/2018;1,693371208
12/04/2018;1,697304384
13/04/2018;1,675254763
16/04/2018;1,646014183
17/04/2018;1,670328361
18/04/2018;1,703899406
19/04/2018;1,704852903
20/04/2018;1,699410024
23/04/2018;1,700442979
24/04/2018;1,697800997
25/04/2018;1,689358575
26/04/2018;1,715957172
27/04/2018;1,717188773
30/04/2018;1,71063348
02/05/2018;1,679485906
03/05/2018;1,65447647
04/05/2018;1,651099501
07/05/2018;1,643074234
08/05/2018;1,647881449
09/05/2018;1,67388411
10/05/2018;1,705587891
11/05/2018;1,692854731
14/05/2018;1,693093105
15/05/2018;1,691066924
16/05/2018;1,719016309
17/05/2018;1,661111221
18/05/2018;1,650384379
21/05/2018;1,625216027
22/05/2018;1,643570847
23/05/2018;1,606384458
24/05/2018;1,591585388
25/05/2018;1,56727121
28/05/2018;1,496911067
29/05/2018;1,511134066
30/05/2018;1,524681671
01/06/2018;1,53433583
04/06/2018;1,561272124
05/06/2018;1,522456844
06/06/2018;1,512027969
07/06/2018;1,467014958
08/06/2018;1,448958106
11/06/2018;1,436363998
12/06/2018;1,445223575
13/06/2018;1,432669196
14/06/2018;1,418744165
15/06/2018;1,405573985
18/06/2018;1,386841739
19/06/2018;1,418207823
20/06/2018;1,432689061
21/06/2018;1,392006516
22/06/2018;1,403249836
25/06/2018;1,409447568
26/06/2018;1,418426332
27/06/2018;1,402614171
28/06/2018;1,42561729
29/06/2018;1,445402356
02/07/2018;1,446931924
03/07/2018;1,46337975
04/07/2018;1,484734113
05/07/2018;1,480959854
06/07/2018;1,490037941
10/07/2018;1,487097992
11/07/2018;1,477900717
12/07/2018;1,506843328
13/07/2018;1,521503347
16/07/2018;1,522675354
17/07/2018;1,552015256
18/07/2018;1,536779166
19/07/2018;1,539242367
20/07/2018;1,560775511
23/07/2018;1,54935341
24/07/2018;1,572376393
25/07/2018;1,593492382
26/07/2018;1,577342524
27/07/2018;1,58650007
30/07/2018;1,594644524
31/07/2018;1,573667587
01/08/2018;1,575296478
02/08/2018;1,581951094
03/08/2018;1,617667508
06/08/2018;1,61003953
07/08/2018;1,596054906
08/08/2018;1,572316799
09/08/2018;1,564688822
10/08/2018;1,519914185
13/08/2018;1,539421148
14/08/2018;1,561391311
15/08/2018;1,531117777
16/08/2018;1,525972865
17/08/2018;1,510279891
20/08/2018;1,516219384
21/08/2018;1,49341491
22/08/2018;1,527621621
23/08/2018;1,502433404
24/08/2018;1,514908325
27/08/2018;1,548042351
28/08/2018;1,538964264
29/08/2018;1,557160168
30/08/2018;1,517729088
31/08/2018;1,523171967
03/09/2018;1,513537673
04/09/2018;1,484118313
05/09/2018;1,491666832
06/09/2018;1,517967462
10/09/2018;1,518364752
11/09/2018;1,483025764
12/09/2018;1,492322361
13/09/2018;1,4836217
14/09/2018;1,498361177
17/09/2018;1,525376929
18/09/2018;1,555670328
19/09/2018;1,552789972
20/09/2018;1,551737153
21/09/2018;1,57811724
24/09/2018;1,549115035
25/09/2018;1,561947518
26/09/2018;1,562463996
27/09/2018;1,589161916
28/09/2018;1,576091059
01/10/2018;1,561828331
02/10/2018;1,621183528
03/10/2018;1,654178503
04/10/2018;1,647821855
05/10/2018;1,63528734
08/10/2018;1,710017679
09/10/2018;1,710097138
10/10/2018;1,662243499
11/10/2018;1,64718619
15/10/2018;1,655906716
16/10/2018;1,702747264
17/10/2018;1,703661032
18/10/2018;1,665580739
19/10/2018;1,672990207
22/10/2018;1,700343656
23/10/2018;1,694443893
24/10/2018;1,650026817
25/10/2018;1,670288632
26/10/2018;1,702786993
29/10/2018;1,664587513
30/10/2018;1,725949028
31/10/2018;1,736636142
01/11/2018;1,756401343
05/11/2018;1,779821617
06/11/2018;1,761367474
07/11/2018;1,742396853
08/11/2018;1,70080054
09/11/2018;1,701217695
12/11/2018;1,698913411
13/11/2018;1,686776186
14/11/2018;1,707812717
16/11/2018;1,758308337
19/11/2018;1,746111519
21/11/2018;1,73355714
22/11/2018;1,737688961
23/11/2018;1,7129179
26/11/2018;1,69935043
27/11/2018;1,745912874
28/11/2018;1,772928627
29/11/2018;1,782046443
30/11/2018;1,777954351
03/12/2018;1,784231541
04/12/2018;1,76047357
05/12/2018;1,768737212
06/12/2018;1,764883495
07/12/2018;1,750362528
10/12/2018;1,706660575
11/12/2018;1,716692159
12/12/2018;1,727756699
13/12/2018;1,744860054
14/12/2018;1,737152619
17/12/2018;1,716294869
18/12/2018;1,720466419
19/12/2018;1,701873225
20/12/2018;1,693828092
21/12/2018;1,702330109
26/12/2018;1,691186111
27/12/2018;1,697622216
28/12/2018;1,745833416
02/01/2019;1,807910053
03/01/2019;1,818875271
04/01/2019;1,824377744
07/01/2019;1,821556981
08/01/2019;1,828171868
09/01/2019;1,85957768
10/01/2019;1,863411533
11/01/2019;1,860471584
14/01/2019;1,876681035
15/01/2019;1,868377664
16/01/2019;1,875072009
17/01/2019;1,894102223
18/01/2019;1,908921158
21/01/2019;1,907192944
22/01/2019;1,889175821
23/01/2019;1,918078703
24/01/2019;1,940307106
28/01/2019;1,895949624
29/01/2019;1,899823206
30/01/2019;1,926779365
31/01/2019;1,934685445
01/02/2019;1,943962178
04/02/2019;1,958423551
05/02/2019;1,952901214
06/02/2019;1,879899088
07/02/2019;1,875330248
08/02/2019;1,893943307
11/02/2019;1,875469299
12/02/2019;1,910331539
13/02/2019;1,903855704
14/02/2019;1,947021315
15/02/2019;1,937307562
18/02/2019;1,917125206
19/02/2019;1,939949544
20/02/2019;1,917820464
21/02/2019;1,925508035
22/02/2019;1,944458791
25/02/2019;1,931626309
26/02/2019;1,938837131
27/02/2019;1,932957232
28/02/2019;1,898730657
01/03/2019;1,879263423
06/03/2019;1,871575853
07/03/2019;1,874019189
08/03/2019;1,894380326
11/03/2019;1,947259689
12/03/2019;1,943306649
13/03/2019;1,964680876
14/03/2019;1,958741384
15/03/2019;1,969309311
18/03/2019;1,986333208
19/03/2019;1,978268211
20/03/2019;1,947537792
21/03/2019;1,921475537
22/03/2019;1,862001152
25/03/2019;1,860551042
26/03/2019;1,893228184
27/03/2019;1,825609344
28/03/2019;1,874992551
29/03/2019;1,895373552
01/04/2019;1,908066983
02/04/2019;1,894817346
03/04/2019;1,877018732
04/04/2019;1,913211895
05/04/2019;1,929004191
08/04/2019;1,934188832
09/04/2019;1,91279474
10/04/2019;1,906060666
11/04/2019;1,882262967
12/04/2019;1,844917662
15/04/2019;1,849049483
16/04/2019;1,873880137
17/04/2019;1,853062116
18/04/2019;1,878746946
22/04/2019;1,878945591
23/04/2019;1,905464731
24/04/2019;1,888023679
25/04/2019;1,917959516
26/04/2019;1,911682327
29/04/2019;1,910728829
30/04/2019;1,914006476
02/05/2019;1,897618244
03/05/2019;1,907153215
06/05/2019;1,887308556
07/05/2019;1,874992551
08/05/2019;1,898988896
09/05/2019;1,883315786
10/05/2019;1,872390298
13/05/2019;1,822113188
14/05/2019;1,829363739
15/05/2019;1,820047278
16/05/2019;1,788283904
17/05/2019;1,787668104
20/05/2019;1,826463519
21/05/2019;1,876899545
22/05/2019;1,874436344
23/05/2019;1,865477444
24/05/2019;1,859875648
27/05/2019;1,8844282
28/05/2019;1,914801057
29/05/2019;1,918257484
30/05/2019;1,93593691
31/05/2019;1,927454759
03/06/2019;1,927256113
04/06/2019;1,934407342
05/06/2019;1,906974434
06/06/2019;1,93093105
07/06/2019;1,943167597
10/06/2019;1,936135556
11/06/2019;1,96579329
12/06/2019;1,953099859
13/06/2019;1,962098488
14/06/2019;1,947517928
17/06/2019;1,939234421
18/06/2019;1,974613138
19/06/2019;1,992471345
21/06/2019;2,026439681
24/06/2019;2,027413043
25/06/2019;1,988299795
26/06/2019;2,000139052
27/06/2019;2,00083431
28/06/2019;2,005661389
01/07/2019;2,013070857
02/07/2019;1,998470432
03/07/2019;2,027035617
04/07/2019;2,058679804
05/07/2019;2,067678433
08/07/2019;2,076438688
10/07/2019;2,10200433
11/07/2019;2,088675235
12/07/2019;2,064043225
15/07/2019;2,061997179
16/07/2019;2,061440973
17/07/2019;2,063049999
18/07/2019;2,080153354
19/07/2019;2,055024731
22/07/2019;2,0648974
23/07/2019;2,060030591
24/07/2019;2,068294233
25/07/2019;2,039192706
26/07/2019;2,042450488
29/07/2019;2,055640532
30/07/2019;2,044715043
31/07/2019;2,022446912
01/08/2019;2,028684373
02/08/2019;2,039570132
05/08/2019;1,988399118
06/08/2019;2,029439224
07/08/2019;2,0417155
08/08/2019;2,068194911
09/08/2019;2,065831032
12/08/2019;2,024492958
13/08/2019;2,051985459
14/08/2019;1,991577442
15/08/2019;1,967720149
16/08/2019;1,982598677
19/08/2019;1,975904332
20/08/2019;1,970997795
21/08/2019;2,010329552
22/08/2019;1,986670904
23/08/2019;1,94010846
26/08/2019;1,915536044
27/08/2019;1,932341431
28/08/2019;1,950577064
29/08/2019;1,996861405
30/08/2019;2,008998629
02/09/2019;1,998887587
03/09/2019;1,980115612
04/09/2019;2,010309688
05/09/2019;2,031008522
06/09/2019;2,044754772
09/09/2019;2,049641445
10/09/2019;2,046681631
11/09/2019;2,054905544
12/09/2019;2,073280229
13/09/2019;2,055998093
16/09/2019;2,059553843
17/09/2019;2,078166902
18/09/2019;2,076478417
19/09/2019;2,072644564
20/09/2019;2,082139807
23/09/2019;2,078584057
24/09/2019;2,063447289
25/09/2019;2,075465326
26/09/2019;2,092111798
27/09/2019;2,087324447
30/09/2019;2,080709561
01/10/2019;2,06696331
02/10/2019;2,006932719
03/10/2019;2,016567013
04/10/2019;2,037126795
07/10/2019;1,997834767
08/10/2019;1,986074969
09/10/2019;2,011263185
10/10/2019;2,022546235
11/10/2019;2,06257325
14/10/2019;2,071909577
15/10/2019;2,075644107
16/10/2019;2,094177708
17/10/2019;2,086092847
18/10/2019;2,080391728
21/10/2019;2,106076558
22/10/2019;2,133072446
23/10/2019;2,136310363
24/10/2019;2,125225959
25/10/2019;2,132734749
28/10/2019;2,149083252
29/10/2019;2,136548738
30/10/2019;2,153473312
31/10/2019;2,129874258
01/11/2019;2,149262033
04/11/2019;2,157307165
05/11/2019;2,154327487
06/11/2019;2,152043066
07/11/2019;2,176774399
08/11/2019;2,137998848
11/11/2019;2,149639459
12/11/2019;2,12123319
13/11/2019;2,103931189
14/11/2019;2,116704078
18/11/2019;2,112532528
19/11/2019;2,09805129
21/11/2019;2,135376731
22/11/2019;2,159114837
25/11/2019;2,153791144
26/11/2019;2,126676069
27/11/2019;2,139568145
28/11/2019;2,151129298
29/11/2019;2,14999702
02/12/2019;2,166444846
03/12/2019;2,164359071
04/12/2019;2,191076856
05/12/2019;2,197453368
06/12/2019;2,207465088
09/12/2019;2,204505274
10/12/2019;2,198446594
11/12/2019;2,204247035
12/12/2019;2,228799587
13/12/2019;2,236050138
16/12/2019;2,222760772
17/12/2019;2,237063229
18/12/2019;2,270813055
19/12/2019;2,287022507
20/12/2019;2,286823861
23/12/2019;2,301563338
26/12/2019;2,3281818
27/12/2019;2,314892434
30/12/2019;2,303569655
02/01/2020;2,355396198
03/01/2020;2,33819352
06/01/2020;2,32172583
07/01/2020;2,317435093
08/01/2020;2,309191315
09/01/2020;2,303231958
10/01/2020;2,294412109
13/01/2020;2,330605272
14/01/2020;2,336703681
15/01/2020;2,312508691
16/01/2020;2,318269403
17/01/2020;2,353509068
20/01/2020;2,361137045
21/01/2020;2,324665779
22/01/2020;2,351780855
23/01/2020;2,374366818
24/01/2020;2,351482887
27/01/2020;2,27413043
28/01/2020;2,313799885
29/01/2020;2,292068096
30/01/2020;2,294908723
31/01/2020;2,259808109
03/02/2020;2,277050515
04/02/2020;2,295484794
05/02/2020;2,304840984
06/02/2020;2,288194513
07/02/2020;2,259986889
10/02/2020;2,236149461
11/02/2020;2,291789992
12/02/2020;2,317673467
13/02/2020;2,297570569
14/02/2020;2,272124114
17/02/2020;2,290558392
18/02/2020;2,28396337
19/02/2020;2,314574601
20/02/2020;2,276196341
21/02/2020;2,258218947
26/02/2020;2,100037743
27/02/2020;2,045728134
28/02/2020;2,069327189
02/03/2020;2,118054866
03/03/2020;2,096442264
04/03/2020;2,129953716
05/03/2020;2,030809877
06/03/2020;1,946663753
09/03/2020;1,709679983
10/03/2020;1,831787211
11/03/2020;1,691881369
12/03/2020;1,441826742
13/03/2020;1,642359111
16/03/2020;1,41371844
17/03/2020;1,482231183
18/03/2020;1,328837329
19/03/2020;1,35738265
20/03/2020;1,332293757
23/03/2020;1,262787787
24/03/2020;1,38513339
25/03/2020;1,488965257
26/03/2020;1,543672156
27/03/2020;1,458632129
30/03/2020;1,482688067
31/03/2020;1,450507539
01/04/2020;1,409725671
02/04/2020;1,435271449
03/04/2020;1,381339266
06/04/2020;1,471424882
07/04/2020;1,51681532
08/04/2020;1,561848195
09/04/2020;1,543115949
13/04/2020;1,56603961
14/04/2020;1,587533025
15/04/2020;1,565940287
16/04/2020;1,545698337
17/04/2020;1,569098747
20/04/2020;1,56876105
22/04/2020;1,602808844
23/04/2020;1,582666216
24/04/2020;1,496414453
27/04/2020;1,554180489
28/04/2020;1,615224171
29/04/2020;1,652152321
30/04/2020;1,599213365
04/05/2020;1,566834191
05/05/2020;1,578653583
06/05/2020;1,570568721
07/05/2020;1,551796746
08/05/2020;1,594386286
11/05/2020;1,570588586
12/05/2020;1,546890209
13/05/2020;1,544903756
14/05/2020;1,569515902
15/05/2020;1,540632884
18/05/2020;1,612880157
19/05/2020;1,603901393
20/05/2020;1,615363223
21/05/2020;1,64929183
22/05/2020;1,632327526
25/05/2020;1,701654715
26/05/2020;1,697800997
27/05/2020;1,747005423
28/05/2020;1,727200493
29/05/2020;1,736218987
01/06/2020;1,760394112
02/06/2020;1,808585447
03/06/2020;1,847440456
04/06/2020;1,863868417
05/06/2020;1,879918953
08/06/2020;1,939671441
09/06/2020;1,921833098
10/06/2020;1,880892314
12/06/2020;1,8433285
15/06/2020;1,835005264
16/06/2020;1,857948789
17/06/2020;1,89799567
18/06/2020;1,909477364
19/06/2020;1,918356807
22/06/2020;1,893804255
23/06/2020;1,906497686
24/06/2020;1,874754177
25/06/2020;1,906656602
26/06/2020;1,86396774
29/06/2020;1,9017302
30/06/2020;1,888242188
01/07/2020;1,911026797
02/07/2020;1,911662462
03/07/2020;1,92219066
06/07/2020;1,965336406
07/07/2020;1,941975726
08/07/2020;1,981883554
09/07/2020;1,969766195
10/07/2020;1,987088059
13/07/2020;1,96056892
14/07/2020;1,995192785
15/07/2020;2,022029757
16/07/2020;1,997437476
17/07/2020;2,04382114
20/07/2020;2,074372778
21/07/2020;2,072068493
22/07/2020;2,071671202
23/07/2020;2,032001748
24/07/2020;2,033769691
27/07/2020;2,075385868
28/07/2020;2,068075724
29/07/2020;2,097793051
30/07/2020;2,085953795
31/07/2020;2,044297888
03/08/2020;2,042668997
04/08/2020;2,010607656
05/08/2020;2,042112791
06/08/2020;2,06841342
07/08/2020;2,041596313
10/08/2020;2,054865815
11/08/2020;2,02963787
12/08/2020;2,028525456
13/08/2020;1,99560994
14/08/2020;2,013329096
17/08/2020;1,978407262
18/08/2020;2,027472637
19/08/2020;2,003416698
20/08/2020;2,015613516
21/08/2020;2,016666336
24/08/2020;2,032101071
25/08/2020;2,028525456
26/08/2020;1,998907451
27/08/2020;1,998847858
28/08/2020;2,029022069
31/08/2020;1,97391788
01/09/2020;2,029518683
02/09/2020;2,0244135
03/09/2020;2,000774716
04/09/2020;2,011124133
08/09/2020;1,987445621
09/09/2020;2,01211736
10/09/2020;1,963310224
11/09/2020;1,953934169
14/09/2020;1,991915139
15/09/2020;1,992372023
16/09/2020;1,980016289
17/09/2020;1,988399118
18/09/2020;1,952484059
21/09/2020;1,926680042
22/09/2020;1,932698993
23/09/2020;1,9017302
24/09/2020;1,927097197
25/09/2020;1,926838958
28/09/2020;1,880495024
29/09/2020;1,858922151
30/09/2020;1,879243559
01/10/2020;1,896644882
02/10/2020;1,867583083
05/10/2020;1,908762242
06/10/2020;1,899346457
07/10/2020;1,897578515
08/10/2020;1,945134185
09/10/2020;1,936453388
13/10/2020;1,956715202
14/10/2020;1,973222622
15/10/2020;1,967660555
16/10/2020;1,952861485
19/10/2020;1,959794204
20/10/2020;1,997179238
21/10/2020;1,997417612
22/10/2020;2,024552552
23/10/2020;2,011481695
26/10/2020;2,006654616
27/10/2020;1,978625772
28/10/2020;1,894459784
29/10/2020;1,918555452
30/10/2020;1,866311754
03/11/2020;1,89879025
04/11/2020;1,942968952
05/11/2020;2,001827536
06/11/2020;2,002324149
09/11/2020;2,064182277
10/11/2020;2,092747462
11/11/2020;2,076478417
12/11/2020;2,029657734
13/11/2020;2,076081127
16/11/2020;2,114181284
17/11/2020;2,130053038
18/11/2020;2,115234103
19/11/2020;2,115909497
23/11/2020;2,133032717
24/11/2020;2,180846626
25/11/2020;2,187739616
26/11/2020;2,189606881
27/11/2020;2,196519735
30/11/2020;2,163008284
01/12/2020;2,211616774
02/12/2020;2,221131881
03/12/2020;2,24308218
04/12/2020;2,258238811
07/12/2020;2,257106533
08/12/2020;2,256033849
09/12/2020;2,239168868
10/12/2020;2,284261338
11/12/2020;2,290836495
14/12/2020;2,283923641
15/12/2020;2,307184998
16/12/2020;2,342961006
17/12/2020;2,347132556
18/12/2020;2,337637314
21/12/2020;2,30460261
22/12/2020;2,311197632
23/12/2020;2,341173199
28/12/2020;2,36489144
29/12/2020;2,373313999
30/12/2020;2,369956894
04/01/2021;2,35509823
05/01/2021;2,368308138
06/01/2021;2,38078306
07/01/2021;2,422597882
08/01/2021;2,484595062
11/01/2021;2,439502592
12/01/2021;2,46316124
13/01/2021;2,424266502
14/01/2021;2,452891281
15/01/2021;2,393714865
18/01/2021;2,408414612
19/01/2021;2,397111698
20/01/2021;2,377942433
21/01/2021;2,35281381
22/01/2021;2,327566
26/01/2021;2,313501917
27/01/2021;2,301940764
28/01/2021;2,37011581
29/01/2021;2,304423829
01/02/2021;2,331399853
02/02/2021;2,348662124
03/02/2021;2,37828013
04/02/2021;2,36906299
05/02/2021;2,382253034
08/02/2021;2,374128444
09/02/2021;2,37240023
10/02/2021;2,352555571
11/02/2021;2,368546513
12/02/2021;2,366182634
17/02/2021;2,391509902
18/02/2021;2,366659383
19/02/2021;2,35887249
22/02/2021;2,238096184
23/02/2021;2,288929501
24/02/2021;2,297689756
25/02/2021;2,229912
26/02/2021;2,185792892
01/03/2021;2,19175225
02/03/2021;2,215689001
03/03/2021;2,20861723
04/03/2021;2,238533204
05/03/2021;2,288432888
08/03/2021;2,197254723
09/03/2021;2,211537316
10/03/2021;2,240241553
11/03/2021;2,284102421
12/03/2021;2,267734054
15/03/2021;2,28146044
16/03/2021;2,264933156
17/03/2021;2,315190401
18/03/2021;2,281142607
19/03/2021;2,308694702
22/03/2021;2,284003099
23/03/2021;2,249895711
24/03/2021;2,226098012
25/03/2021;2,259589599
26/03/2021;2,280069923
29/03/2021;2,292743489
30/03/2021;2,321169623
31/03/2021;2,316878886
01/04/2021;2,289445978
05/04/2021;2,334439125
06/04/2021;2,334061699
07/04/2021;2,336544765
08/04/2021;2,350231422
09/04/2021;2,337458533
12/04/2021;2,360143819
13/04/2021;2,369778113
14/04/2021;2,389602908
15/04/2021;2,397667905
16/04/2021;2,405871953
19/04/2021;2,402296339
20/04/2021;2,384974474
22/04/2021;2,371248088
23/04/2021;2,394271071
26/04/2021;2,395562265
27/04/2021;2,371585785
28/04/2021;2,404660217
29/04/2021;2,385053932
30/04/2021;2,36177271
03/05/2021;2,368030035
04/05/2021;2,338292843
05/05/2021;2,375081941
06/05/2021;2,382173576
07/05/2021;2,424226773
10/05/2021;2,42166425
11/05/2021;2,442621323
12/05/2021;2,377982162
13/05/2021;2,397767228
14/05/2021;2,421108043
17/05/2021;2,442104845
18/05/2021;2,442939155
19/05/2021;2,436105759
20/05/2021;2,437396953
21/05/2021;2,43523172
24/05/2021;2,463836634
25/05/2021;2,443098071
26/05/2021;2,46298246
27/05/2021;2,47049125
28/05/2021;2,494209491
31/05/2021;2,507220754
01/06/2021;2,547962893
02/06/2021;2,574462168
04/06/2021;2,584891043
07/06/2021;2,597802984
08/06/2021;2,578156969
09/06/2021;2,580540712
10/06/2021;2,583897817
11/06/2021;2,571283844
14/06/2021;2,586519934
15/06/2021;2,584195785
16/06/2021;2,567668501
17/06/2021;2,543791343
18/06/2021;2,550704197
21/06/2021;2,567787688
22/06/2021;2,557895155
23/06/2021;2,551161081
24/06/2021;2,572733954
25/06/2021;2,527879859
28/06/2021;2,531316422
29/06/2021;2,529290241
30/06/2021;2,518861365
01/07/2021;2,496295266
02/07/2021;2,535150275
05/07/2021;2,521205379
06/07/2021;2,484952623
07/07/2021;2,523171967
08/07/2021;2,49156751
12/07/2021;2,534594068
13/07/2021;2,545996305
14/07/2021;2,550743926
15/07/2021;2,532091138
16/07/2021;2,502135436
19/07/2021;2,471047456
20/07/2021;2,491031167
21/07/2021;2,501519636
22/07/2021;2,505850102
23/07/2021;2,484118313
26/07/2021;2,503009475
27/07/2021;2,475358058
28/07/2021;2,508611271
29/07/2021;2,496474047
30/07/2021;2,419518881
02/08/2021;2,433722016
03/08/2021;2,454798276
04/08/2021;2,419518881
05/08/2021;2,416181641
06/08/2021;2,439562186
09/08/2021;2,443713871
10/08/2021;2,427484555
11/08/2021;2,424584335
12/08/2021;2,397667905
13/08/2021;2,407461115
16/08/2021;2,367453964
17/08/2021;2,342106831
18/08/2021;2,317057667
19/08/2021;2,327426948
20/08/2021;2,345066645
23/08/2021;2,333525357
24/08/2021;2,387934288
25/08/2021;2,399992054
26/08/2021;2,358395741
27/08/2021;2,397211021
30/08/2021;2,378578097
31/08/2021;2,359528019
01/09/2021;2,371744701
02/09/2021;2,317733061
03/09/2021;2,322818379
06/09/2021;2,341411573
08/09/2021;2,252895254
09/09/2021;2,291591347
10/09/2021;2,270236984
13/09/2021;2,312310045
14/09/2021;2,307880257
15/09/2021;2,285671719
16/09/2021;2,260463638
17/09/2021;2,213682684
20/09/2021;2,162134244
21/09/2021;2,190063765
22/09/2021;2,230428478
23/09/2021;2,265827059
24/09/2021;2,250312866
27/09/2021;2,256272223
28/09/2021;2,187560835
29/09/2021;2,207087662
30/09/2021;2,204545003
01/10/2021;2,242704754
04/10/2021;2,192904392
05/10/2021;2,194195586
06/10/2021;2,196221768
07/10/2021;2,196718381
08/10/2021;2,24137383
11/10/2021;2,228402296
13/10/2021;2,253749429
14/10/2021;2,248366143
15/10/2021;2,277427941
18/10/2021;2,273057746
19/10/2021;2,198466459
20/10/2021;2,20071115
21/10/2021;2,140104487
22/10/2021;2,111519437
25/10/2021;2,159571721
26/10/2021;2,113982638
27/10/2021;2,112850361
28/10/2021;2,099779504
29/10/2021;2,055998093
01/11/2021;2,096720367
03/11/2021;2,098031426
04/11/2021;2,05423015
05/11/2021;2,082278858
08/11/2021;2,081424684
09/11/2021;2,096402535
10/11/2021;2,105003874
11/11/2021;2,139905842
12/11/2021;2,11183727
16/11/2021;2,076001669
17/11/2021;2,044953418
18/11/2021;2,036590453
19/11/2021;2,046741225
22/11/2021;2,028604914
23/11/2021;2,059216146
24/11/2021;2,076120856
25/11/2021;2,101885143
26/11/2021;2,030631096
29/11/2021;2,042351165
30/11/2021;2,024492958
01/12/2021;2,001847401
02/12/2021;2,075167359
03/12/2021;2,075167359
06/12/2021;2,122703164
07/12/2021;2,136588467
08/12/2021;2,147275581
09/12/2021;2,111420115
10/12/2021;2,137760474
13/12/2021;2,133112175
14/12/2021;2,120736577
15/12/2021;2,134065672
16/12/2021;2,149579865
17/12/2021;2,131900439
20/12/2021;2,086172305
21/12/2021;2,095707276
22/12/2021;2,090621958
23/12/2021;2,083609781
27/12/2021;2,096323077
28/12/2021;2,083073439
29/12/2021;2,068035995
30/12/2021;2,082239129
